"y","x_real","x_obs"
-2.90021896004212,-0.398726869009683,-2.71917855442257
-3.81556670154948,-3.69154979810479,-3.51726844623362
-6.99335610031462,-5.63829821398187,-5.68823633886046
-5.60156633692474,-4.98090976248599,-8.63596204724365
1.39542929321361,3.6696853357468,7.05110664370472
-3.33362580630779,-2.44419292736916,-8.7678460213327
4.83759234230399,4.30958109648904,7.47042006933027
-0.278113632363485,1.47279304373423,-6.71736477102602
-0.162383668803546,0.305342245682059,1.24600730232329
3.38278993736745,2.82847640628008,2.21475947100012
9.31331935508637,5.8561143581712,4.69605683391373
3.60122043761652,4.71118470049114,0.55196079052294
-5.41027489954534,-6.47801831255569,-5.42140347667584
-5.64610240644278,-2.76419535798294,1.34917310629164
0.255913909578411,3.27691566695235,1.26700584357094
3.59315848837345,1.42326390092165,-2.36813078486676
-16.6265324844936,-12.7760706485716,-9.75904635491135
-12.7264651909451,-11.7159202579292,-13.8444375037716
-2.00029332687972,-2.09666188456814,2.07379598232461
-2.6727019179871,-3.61279149720221,1.10555054532819
-1.61152951573379,-1.57885555598994,-5.72391887655332
-2.54661051143741,-3.01772966675551,0.271144946594634
1.55968575206032,0.147250479367816,-2.22500263690339
-13.6774288387949,-10.5248681267437,-10.9374993791504
8.63063119095651,8.43501129220613,7.56550833520518
-4.14242128540283,-3.90585366612856,-0.662220314597633
2.37547174385859,0.244174638910525,4.54080921757019
7.4880167024438,6.76974141389436,4.88616532196133
11.2009699737599,9.82306921079519,8.31503405895264
4.94655317121511,2.48066235550985,3.81130671161286
5.16041394425854,2.55882424652017,2.62692155117716
5.471097524891,3.50204573303915,3.58993980368502
6.28123174051225,3.75608486758416,3.75704862224304
6.91305591789946,4.24540991449424,8.57847658145968
8.16291719714436,7.88071501014237,10.6583698485915
-0.760158272342118,0.920553016608487,-0.750037895423897
1.65777541422565,-0.00948389378669434,-5.9267428765859
8.25293074685255,6.9142318330477,6.08446941025383
5.01661701145011,6.18328218191899,5.41768287896079
6.92165685010456,5.56789378589917,10.4834963590328
4.70554165261711,2.37996372651734,0.438455886170933
8.90675160703726,4.59654747725141,5.18093944928278
1.7135440134799,-0.432782739060531,-2.0069932234079
4.94324659261474,5.0142125061185,4.92917341362938
3.02870448937555,-0.776147708679201,-4.39432426950967
4.27065780716978,1.73567104188361,1.8406225826593
8.94191854957688,7.81956459978319,6.1019202605467
2.05710137276901,2.05940717252847,2.93463040673642
4.71401577849054,5.1565968545221,8.62875552788525
7.08177024335242,3.50643231792459,3.7316483978382
-11.2274314236116,-8.73726823276087,-12.2298353650758
-7.24956894652046,-5.23234919849995,-7.57723469727454
1.3519763615451,2.80992122296792,-4.37843481707243
-4.55171228013158,-3.53512233461625,-3.09042355472862
9.12196575402176,7.50251375468332,3.92653785423032
5.15100303639421,1.51116676963767,3.91223885208679
-6.93639691895134,-3.73008117259163,-5.53344720359933
5.39379298587337,4.75089759542614,0.549969237477709
4.74660990310884,5.68455314339557,3.24962613961689
-2.55027930509783,-0.933788091345997,1.47715748890651
-2.71988304695856,-2.80338713452831,-5.15385920343986
-2.32824358977777,-1.56045009586361,-1.66119888189299
10.581346443269,8.22925562414824,6.76066246791185
-0.945805961200872,-0.0126027082269624,0.581827192674623
-8.77966628328441,-5.61468357280658,-5.09676880404949
5.55659319764028,5.11006692852672,3.01194393618927
1.49632490013186,-0.651329343895629,-1.48138466771329
-5.12235271734146,-3.42262553643488,-4.97253163645929
14.9591823199761,10.6028484056842,7.7354771936201
11.5664100082911,9.23579160350307,6.77609527810577
-3.11194758281043,-0.827759156374473,-5.86909177023947
-8.37026872126767,-7.92589294794952,-9.34473765884136
0.911080214506248,2.99948963278751,4.22791769119793
0.45762001942855,-1.59308815634255,0.790867736794808
13.6604426198327,10.005989365328,10.9882975785218
1.78653365966404,1.42130570754274,0.612592371451359
3.08376363075671,3.38977918856091,3.80049221829109
13.4045865668193,8.86514430407774,10.1480501262735
5.78730901586052,4.90709482734819,6.90312654855026
-10.4074124456441,-8.09348011186108,-9.47812181520192
4.23540373744832,2.10175985318911,7.34520012139192
0.0512493382526271,1.30967443729476,0.712910378443848
-0.308204217349803,-1.16087124790712,0.764770232436014
-4.84018383488542,0.093102952273966,1.81908317044488
-12.231609078569,-9.02510061601342,-12.3335399499191
0.632117777704738,0.990428308777387,4.97832103726399
-2.61065903964293,-2.98371559528944,-4.52788588145755
-7.66543667557832,-4.36802585856367,-0.598719599028875
1.61900403563452,-0.204957118838446,-5.79358596800484
-1.56868774889415,-0.0261447150193583,-0.218253939875191
-6.88763006366099,-6.5147060097661,-10.6438857885828
-0.543872008365977,0.435132912553533,-1.25574426496098
8.4062095906452,4.95819967794991,-0.439111710482576
0.930151721302829,-1.09259306929804,1.83284712471529
9.78423084855008,5.20400705498129,7.08504462607297
0.938823352974893,-0.196004569339467,-0.16513922897705
-3.13699787005451,-3.03752127163022,-4.38293801339611
-1.62726637050772,-0.945179099662094,-5.45091904176927
-1.33521169274394,0.929631803406237,-1.03444616404916
-4.48168915554329,-2.31565093726056,-0.918800022985391
5.68594323126969,6.11435865628355,-0.790113121622746
11.4874056209531,8.91803759958359,8.157098166729
1.58541199812935,1.8248893106463,8.57770394807136
9.14763016156175,6.921203794216,5.39861417598136
-4.37450988160298,-2.30016829293949,-6.53106656321013
6.65927286600968,6.86619467890733,5.57932610672735
2.82755971329771,3.81365506575014,-1.40750337046475
2.7920822448176,0.923177464610313,-1.86625810314884
-2.54162282948355,-2.08174772255185,-0.257391273489293
4.95806982105395,3.89990900866232,1.29279536765847
2.44262473547964,-1.76512670972405,-2.89544121164549
14.2394216587459,9.4251861366463,9.9652981336766
5.33332638289356,2.49924190120887,2.63513839285908
8.96353316003526,7.23994968638972,9.56791994385073
2.41431800793861,2.68477595309581,3.31527563290008
-1.33754622420408,-1.91222382167169,-9.82853255980463
4.98692961774462,0.574257512145921,1.31497729128604
10.1412911934463,6.70380905873875,2.70820470474888
18.9256476793802,13.0159548803039,16.3801338757191
-5.81375878225789,-4.09063983368927,-7.14666774814007
2.42200113316771,1.88927677286909,3.20209319352916
-4.00416352769854,-4.60004036000739,-9.85264486900379
0.494334712039066,-0.358301553098013,-0.658897015397506
2.84517671222913,2.68406180708006,-5.95184871707115
-6.87547068944228,-4.98507832994422,-5.47619533379412
-2.1224580585282,0.0189554544336161,2.0776672170796
-9.23147067551593,-8.19397476300036,-6.20298453261188
0.0974810543455927,0.107242067780691,-2.79373537890606
-8.03954050761424,-6.5340599440233,-5.40352462058845
9.64310913462479,8.88915348914093,3.99597877057424
7.7173634233868,3.6201906177316,3.13568380880638
6.50033549376606,6.68142358114696,9.07018632555283
-3.66434975121338,-1.24631184671265,-1.33343113510921
-0.503290474271201,-0.188017377036248,-1.92824266422348
-1.6126198652451,-0.225203801044145,0.698547061343661
2.66746840512504,0.720877475569364,4.8939487272591
-3.00990956613295,-1.30103737504706,4.0559213671546
7.39400243263571,6.8701320131287,6.16380085616416
7.97342531007393,5.1849142861087,4.7493776788114
2.64248992877745,0.0479361150919435,-1.28830262474895
-5.58869700696397,-3.24461860720816,-2.56853476222607
-5.19503400000642,-6.2173175311217,-10.2522304305614
-5.45335730134104,-2.84635696921797,-5.10501563179897
-1.7279710434485,-3.1680948287167,-1.27068882552234
7.58718012105361,5.85904081567554,4.27397274545262
-0.461235483512717,-0.439752548423725,1.44788061539818
1.04890506080814,-0.239864916748989,-1.65742388399536
1.79237645653187,0.662405805943728,-2.88897409132382
2.57817161327651,-1.03125623190182,0.69470866344404
1.78242006598825,0.711165706948413,-2.44850313548375
-8.61468217839063,-5.88629914252384,-3.22441228778137
12.4035552296351,8.21979466988313,11.9431025660102
1.77047087608476,2.77016549231192,3.28083967763871
13.3073946752332,11.5518918770294,13.9936657116681
3.70904586607318,2.13763630443981,2.11668800810341
9.85751088657751,6.99063232743542,8.72284927287436
-9.27423638210746,-4.97994557516397,-7.63013262951488
5.07911777460515,4.03684774403924,-5.76065770823838
-5.13452830420528,-2.80027745557919,-4.02366171849628
5.31057195091469,3.32769732520178,-0.404869837017116
5.3252976926273,4.97154967344924,5.09741747705384
-3.46961080052191,-6.18542387563566,-4.54575505719354
-6.91777958542833,-6.0883127423797,-6.66077477076666
-5.35611534615461,-3.33239448557587,1.37535553258585
-2.30693448711433,-2.67000251409144,-3.05409464083024
1.44283098427162,2.46107783642221,5.50245510977654
9.85656324151831,7.52965962508064,7.87140645073286
-0.43299447708879,0.495129326695271,3.77032242709277
-5.65845117600179,-0.849029110855968,3.98911389202504
17.4608931346679,11.2201977333898,12.9796361042369
-5.69350948333696,-2.15068200591836,-1.28849967152897
9.66662048916154,7.94292005967699,4.72422359419355
-9.60225796786853,-6.81780263361549,-7.20100078851679
6.7444565521428,6.30589117270469,2.05732708840303
12.1191839365942,11.011357750107,12.1219393139559
7.94516473681835,3.56364740689397,-2.59920039688753
0.662398595849982,1.26602012310344,-3.96006621378181
2.79214281166363,1.85824440772704,-0.602919119239357
2.61659116156999,2.05617580172828,-0.10579071775465
4.26089574624042,0.381325120689678,1.10349914719657
0.489855199895232,0.42449562658916,0.0790208011586289
6.13094408694701,4.15786680590929,4.94880979262162
4.7462741713282,4.47137144313584,4.00508132190684
0.635780290282688,0.699364842841687,-1.37744075707768
15.548082974597,13.1866125361103,5.33838833078403
-6.99719872401523,-2.63921726139014,-3.07490771073184
8.66402949471528,6.53463888899472,7.22441749178066
6.0890461741565,3.01167853774718,4.76094734147679
7.41692271728932,3.16790950115032,0.226475652016966
2.49415442662238,0.661840899867225,4.59647510984091
12.3742332045052,10.4969416418399,7.98285250497242
0.537657455431036,0.621577770115152,0.0146450044355303
2.02995588642439,0.758493139747508,-0.943393425469681
-5.11252442003989,-3.29691486424033,-2.37030595530621
-4.73680085922989,-2.08412506833025,1.37282988478291
0.188445914159455,-0.652928262455475,2.83292682727803
-4.51208990024006,-3.41352634669302,-0.363455634275794
1.0753189299097,0.686598888967278,3.72697425004648
-6.25927110984469,-5.54415331325904,-2.74864867593905
-5.91397280173959,-5.06558924472828,-5.66352082913548
15.2515819487106,10.4562810368347,4.04673884153886
9.26123429465711,6.94924689032528,7.24334835694131
-13.2763742365628,-11.127929026889,-11.0556177314471
11.2887843452624,8.84361592704158,6.72496346693952
0.582890740646159,2.63088731512435,0.0875432569271428
1.45827602584741,-1.1000998311249,-2.07425662169639
2.57945097307277,-0.134098012501809,-2.18326241439032
9.45093359044743,7.27477772933465,7.6766624266791
1.03688371359029,1.38486480687906,5.18017248663753
5.75639793965395,3.20635854525627,2.17612921324118
11.5285663245412,8.65565423610754,7.0597739748214
0.234608518298759,1.56828789564689,3.95382486100923
3.57856513165104,1.66426648233763,4.07508667865776
-1.63007313890023,-2.98560085688202,-6.03914559491025
1.91183400349816,1.6746735317366,-2.04210833492683
-1.73904744514146,-1.94745825309622,-5.85595987727491
6.51714329963533,5.69161277541011,6.1260892996801
5.04818404966217,5.10519376861854,5.60748737210543
4.30832377826433,3.0717886775828,-0.817152033891762
1.63846843740532,-0.179088859235261,-1.70348568121727
5.5540100795439,3.04116822754999,7.37227132463437
2.71989080633329,2.00917711735826,-1.79943695449605
-0.879971265837505,-3.36949559987101,-2.05776335808617
10.3370751826059,8.39338870072173,0.729943224151032
-7.17607811092862,-7.53757780769602,-8.95929428636041
9.11033911684148,5.42455013074427,8.07379669772802
2.61396949482014,-0.00155088481470633,-2.48808499953416
14.0103072178123,11.5470734508104,14.5253535734448
-0.519018619901779,-2.10814507420176,-3.96278417851368
3.03519979869725,1.96668100337565,3.67997092762869
9.83585355926751,9.2291108078749,7.60799601443938
2.41727497747652,0.863242504451245,0.182421461036941
9.05672165064773,8.15818024090464,7.39201400949375
-4.9897040058666,-5.65936097139801,-2.41062417523275
20.9443240721557,16.6838806811546,16.4688779596858
0.363418021224423,3.84125823762234,4.25244947401955
11.8204213728331,7.10561658231108,7.84828933729854
-6.87595598563319,-5.74062184817077,-7.08600066838185
3.02932693865117,2.94472849577728,-3.04442691066222
4.66562120665484,4.86472432462754,7.33969375308832
2.54312143357615,0.864479729751213,-0.469479310198229
13.2798496081068,9.61180687112378,9.72446896332292
-0.249326781499191,-2.65464545435238,-6.3142613449864
12.4920679134797,12.2332796941814,10.9085576124333
8.44315461730817,6.54395526302094,5.10342825618607
-2.9802711340795,-3.62904000531752,-5.82717084158542
1.22525224282945,2.73777758656961,7.80851839687333
-1.09313966668515,-0.26986002563446,-1.2959412986205
5.51909261437103,3.86225151614093,6.46588913833831
5.66677499732899,4.8575423405973,0.242258427921941
15.046509578145,10.812880210205,9.90806566825272
4.27763836190053,4.66322057884381,0.34116991911862
11.8930685803566,7.76206096101475,6.64726744570875
6.05252742152242,7.37328461152677,6.15331848431249
-6.27267928419231,-6.00899619394638,-8.10088281749545
-5.38249648646074,-7.59342690780989,-6.30041020432914
4.07205884799397,2.90903500204611,0.190902455493255
1.87324767340896,0.322764657064908,4.37034178605907
-4.78067349706568,-2.63286953600386,-4.07637758346113
7.94249846894439,5.99864449955103,5.33154607565046
-4.13198019272251,-5.71503529097077,-5.11937391033076
1.27834048242409,1.20995377634912,0.0670997372285378
0.848848039007728,0.642657790882593,1.13812209777186
-3.14921309103585,-1.45391577099165,-1.11144572168288
8.95772290465914,8.19942616514279,5.32676508602596
-2.55667083405424,-0.25223792724765,1.09929496975465
6.96706515885021,3.65568136508119,9.71405641410755
-0.761201602288722,-3.0992346269109,-3.32293748766494
9.39483691059918,4.25728399355216,5.86615735400729
-0.924893583903668,-0.0261418650411875,-2.15747964933163
-2.3072597017809,-2.1299097272885,-7.77499513783075
0.981648601123482,-1.99436988967665,-0.358385470415317
2.23940516111438,-3.40536107038834,-8.59341772046367
6.11116829033446,3.1753887978871,-1.37656697678405
1.23460327455004,2.47791752511444,3.39936699157278
-0.902291472119778,-0.973382246729643,-0.969417652789504
-8.98539590079338,-7.59856016380766,-6.98809424245184
1.42733626487999,0.281744606200266,-2.78460049662126
11.9521505848483,10.118088497495,8.42558103584724
1.56887500326681,1.5817946708817,3.34898066297701
2.48215996908642,0.0653880135261644,-0.834404010275645
2.66297837067823,-0.136994214178869,-0.735865989681117
1.36611687514126,3.30856406422509,1.58261640687446
6.29503192097963,5.77169465598559,5.57911101644719
-8.13692561885665,-6.7450573799706,-3.18468354930013
-2.49911701098666,-2.44160964230835,-4.18049420000833
-2.31259571091223,0.643400986204017,-1.04469339459186
6.07758948318886,3.63270108356632,3.71240432503372
-2.39031867694696,-1.98463393659496,-5.24560607159919
8.09233731319249,4.87338116451919,3.51869992486962
5.4490167687857,1.82624495884251,-2.56154497335595
3.52204548330404,2.10706769418178,5.41365693772724
-1.5929050285797,-3.80315230568094,-8.04265640399029
3.47275493950416,1.90492247621442,1.50428639157407
-5.77639814651244,-6.00530416782009,-10.777507445041
3.5872225940935,2.42543818609687,1.80820149632864
-6.48828661091454,-9.88343734301185,-6.3883930609539
2.56364299757528,1.93518167331831,2.32896211896854
0.0708888042375637,0.251270543798398,3.31021140582168
13.1268169913613,10.3299533842197,11.573378264858
8.48154588399038,8.48668802333739,6.80740101490326
8.86232420506078,7.36176756204855,10.560352817385
-6.63409588263736,-7.17381935081083,-7.70878495065197
10.3620782048719,9.08411330875464,8.9199486193108
-3.28101424040786,-1.92973190936606,2.28626301770808
13.9981926099416,11.4963327119621,10.3528580095955
-3.32081924888288,-2.09964877848236,0.981868900886861
3.91112777876573,2.77621783092264,-0.346329322145307
1.39359819537695,2.56151003866408,2.53223298254133
10.172526268057,6.41439246474186,8.56230918362175
10.3812848226544,8.40184332852773,9.87549487949069
0.862363569644315,0.71431102793664,3.08429826725262
5.31303617602071,4.58636870652825,8.28517617104846
2.59259103058994,-0.821596449735294,-0.250744466494769
-5.02656986571007,-4.54101884108293,-8.54835743486642
4.47664048042438,2.62626037196051,7.09978298513065
7.43680296664957,4.65981980642368,2.09563268261333
-4.31807437905506,-4.34953548780618,-2.4646305597774
-6.03501261110133,-3.97515239826269,-6.53648662065202
-1.75653105971394,-2.5541692737901,-5.26117985121954
-1.77320191283987,0.401029605351088,0.327067672216689
-10.7883594596255,-8.79687608468591,-4.1222799844457
2.36631247448048,0.899222787257477,1.74069131437034
1.69455948183424,1.94256694732774,2.23851802971051
4.00020094741789,2.40036155786334,-1.60579705113938
-0.288897003010082,-1.5687939887256,1.26261960781172
1.97187339978502,2.59452959223943,4.87741358876902
1.26062208199577,-0.363484822201625,1.35222423646253
9.944249893372,7.08904334160828,9.31018664842095
6.95076393365156,5.22009633393973,4.24482670036479
3.15317010057097,-0.777640301191005,-2.21358929098129
12.5455101901398,5.85477547292811,3.2204633387901
-1.87785363322294,1.07895262939407,3.38776854146176
2.02972644541544,0.461304512513101,1.03111072004463
-2.07995426614857,-2.59220169841365,-1.25712946065891
-2.8497714851779,-1.10830490130521,5.00233123580086
-5.44475650464535,-4.99244763199005,-4.48541043926805
-7.33421375501742,-6.4716565792898,-3.30097826124479
10.2765168032896,8.54329430729189,10.4070798609304
2.58953980731343,1.70078528468682,2.81325816738629
-5.82101891932454,-4.56722144600347,-2.68436914660229
0.447456034670815,1.8518440997258,4.18746928111764
4.65164416714689,3.00676487193066,5.39916070466167
8.05603963071596,5.9302531841342,2.8634934518791
-15.343029545849,-13.0422510753443,-11.2189969003941
0.884064628193972,2.62144355485244,1.76446225975543
10.7053199367733,8.25618231955777,6.22658171518423
2.38136592351283,0.849946671303364,1.88278537478668
1.06728815957805,4.29104973692873,2.47001269179389
4.55378279815938,2.73473004432443,4.85306720510855
1.76679244896358,0.216038797926448,2.75133221423349
6.26345035544766,4.85715285363414,5.22038418310914
1.92380292742891,-0.761157310819534,-2.32836389484815
13.7954922290146,10.6530947317647,8.34447880996547
-1.91175514307781,-2.31672083394008,-1.80370923103708
-10.6007460340715,-8.9531982227831,-5.5974646496776
4.227412452065,2.89990914120545,3.74962372111359
1.91302683388434,2.27843867999933,0.33594939274888
3.08273068393488,2.87032235476769,7.490231756701
-7.15955905182452,-5.35224187213756,-9.01598096222816
-3.47210236140002,-1.47015172204484,-0.324895607918837
-17.6049652402281,-13.2894472941384,-15.0140374689712
7.3729374435977,4.31513130734851,3.22829713940152
-2.31861519898447,-3.09062038334518,-2.42733704035256
7.40890419385784,4.86364953276002,4.5917860291703
-10.7187240450223,-9.7699247317804,-12.737203810707
3.54535311872937,1.99173701590911,-0.491596761403463
-0.975309313941612,-2.06665626363688,-0.616953833412758
-7.52995104079693,-7.90292303944088,-7.70398175846284
7.730808369105,5.34468784407942,7.54334193917918
-5.98262358354026,-3.4101984085432,-2.14032260557959
-0.860943464178642,0.178930142718679,1.5217024731976
6.7606717006257,5.16470637947805,4.68930095462691
12.8753645260022,8.80009420597478,14.1379575689297
-8.51998725371589,-5.57499109431363,-1.91764954279364
0.645997002904347,-2.11116247692691,-3.86559190141833
6.42788932351231,5.63140799459963,9.01451359118891
-1.79594713914897,-1.94979786438079,-1.30595737681905
16.67648462281,13.2458202515432,13.1525265411191
12.2162621540002,9.45399716577653,7.51312466480713
-1.07875216192995,-1.94253889209777,0.948286722994533
-1.4136669758271,1.42464176188997,2.68134600799565
6.19181672753077,4.36837539898041,8.99192032296699
7.16092483166816,8.19839195178052,8.09634273957845
3.77949629206344,2.49307403413755,8.47786106302394
2.8902027527655,1.678493150741,2.72280277308443
-3.41754024154967,-4.59688749723557,-4.50617429133394
-0.0721793510615294,1.45299640524103,9.03295392753104
-0.124061616906056,2.97771159131817,1.77730033772306
-0.368692627615982,1.9667452706792,3.01668905963477
2.38639407939312,0.729873715604612,0.711958609499256
8.26977820866773,6.039385471793,8.335887223649
10.0717612708292,8.73380571699096,7.70863632296428
10.8921979434902,9.59484346335601,5.4199058073443
7.2000187881519,4.72496377202983,4.14676534786287
3.06749693277984,2.78816080619718,-0.663768829249998
-4.46557609258947,-3.56519725005518,-4.59605358184185
2.18396676986171,1.81399944090476,-2.63894786810199
-9.50306872367745,-8.95335462797613,-7.16501607302328
-6.25329723797102,-4.82659013560354,-5.14711641690759
3.78865304629176,0.966497898315154,3.15716777592672
3.93112920350397,0.71669803020776,-0.674502404831711
-5.92043081498228,-3.97793843600284,0.18479978627062
-4.17392285501939,-3.4439426406172,1.43701109893237
0.784905125720149,-0.0741316258638716,1.4836721949318
3.49029080031603,3.04019584562858,6.50068213064862
1.09685588123919,-0.476525844618328,0.0135527288788077
6.43638088061615,4.0764310038218,1.28699640483895
4.15576189692168,2.39001864001236,2.53232008468722
2.67005437415189,1.00770771020041,0.123594763904153
1.39904739293348,1.2796604529123,0.927598643060669
6.68354004061749,5.55789723153947,3.98652437442644
9.69510739862111,8.98553132975133,7.20516011417679
1.64441157392921,-1.97999088864627,-3.19837563279413
-2.61869013200564,0.145521695271145,0.116656842187768
14.6637771639763,9.3246229018791,13.7558775769713
7.62530970416723,6.91334824089941,11.638499738288
3.04812646248039,1.95546661157328,-2.40536258879952
1.75165873127159,1.52555470668951,0.752905730212624
8.53267790131762,3.67471462659139,0.262709707151882
2.1945910595289,0.431718856786309,3.26354429461251
4.41701862356766,3.41771433003084,2.04234299664141
0.579118004992225,-0.289964247903556,1.93430908869404
-0.306947761789276,-1.92000414337542,-4.87084377971466
10.4917556835152,8.11848107830102,4.15187743939478
-5.69829966263326,-5.68534731219332,-4.36811093103389
9.34198601124987,6.55028327851868,4.73139013661046
3.65185570035195,5.19726707326638,1.55663299785491
-9.43497985298789,-8.85785678233424,-9.59684432774561
4.88088435989949,3.83548617753604,5.63624780459426
7.771226049155,8.35464838762444,3.61506430916841
4.29441735217764,5.42457144527623,3.47456003155752
0.678221569844291,0.0429298362874139,0.527071416248353
0.328301868044285,2.50023340741973,2.64034974334036
3.18896238722758,-0.182760733220201,0.991832229242289
12.4979701378449,10.1252450942633,12.8376097934136
6.83869342169793,3.57035626473638,4.63954011759171
7.35803808244446,4.11405890476788,4.02394044302032
0.567719066601887,0.374374978799175,3.38582710689845
9.83181521597051,8.12151035685431,9.97191873004075
5.53418942025427,3.6721782994128,4.19559785386005
0.442261054196101,3.46411239477102,0.896834770641162
-6.48557491343166,-4.30259958040797,-6.66374186507396
4.24131101475247,2.6245131278751,10.1171939610311
-0.938047965773213,-0.876787343825469,1.83012585035452
13.3245207400797,9.37981068864685,7.27124067523084
-4.6482672101217,-3.60678799306605,-1.33018536282102
0.392526623347956,0.678113106935886,-4.97285016891244
8.67225244804562,5.38248329116491,-3.66509203498561
-3.27304214516723,-0.325231725085697,0.589202050047716
-0.521521927785586,1.76815707154521,-3.32816988510584
-5.8427630094917,-2.83264285005541,-6.94466399351546
5.61815171724098,2.91510559482999,4.41433518096591
4.57792899560938,3.77159236399861,3.45029514043073
-1.61528709092338,-2.30401162586653,-3.955738054955
-0.86636890155711,-0.211249563743731,-0.274314984276886
-4.53926157330564,-1.93692160154028,-0.217200879812365
-2.08952469727245,-1.17639907277343,-2.35247983566884
4.02127057494723,3.90353189355601,4.2098347299919
2.49581885983277,0.478686977341976,-3.31314489402812
-8.42229433288956,-5.90286491959869,-2.11543190141908
5.32768286330539,4.40532616205025,2.14007463303495
-3.32514692220604,-3.67032389976672,-2.57424658331359
2.9325978844351,2.48324042789427,3.4660968261525
-1.23684862910808,1.82456426645139,0.145768209020305
-0.885203310386281,0.132067064013575,-0.834663950687605
4.53690107832065,7.28009106762325,10.0453977819336
-1.67466130262659,-1.64796541875046,-1.708837596958
-5.0322605180615,-5.67892930765603,-3.69802131782069
6.90396876833956,6.3438321062421,4.63101870991133
5.10364661753552,2.29833947614802,4.17789249837617
7.81090890933793,4.8922428433396,3.53123170961946
6.06367431755398,1.28042607376307,-0.470734993999836
11.5471306827543,9.81369464411324,13.7745515188107
7.22835016577048,4.69382787698901,5.056252140764
-3.89023829472908,-2.44062940213774,-3.89644579346638
-1.17634696524032,-1.48943072921086,1.03733178287968
1.86375093349649,1.11575981150557,4.02124155178892
3.08744934514303,5.70677119794985,3.60278259016135
-4.29521119310596,-5.259513032885,-7.48258866770961
6.10283693035273,4.52692511343449,3.62883476644615
-0.78557054541755,-0.798514913779832,0.675263853791376
-12.0126193307112,-8.35446791298792,-6.48506137287041
7.67615036538674,5.17596883320257,7.09489475876491
-0.770264302110672,-2.91478307957961,-2.2310375627518
-2.7891215776925,-2.56962927711533,-6.52030824210953
-2.03312966086796,-3.49372111563838,-2.29486078791358
-1.26476150769714,-0.786791876395769,4.35503624400268
-14.1562270187244,-14.2115534638778,-16.7439380678829
-10.0153074988772,-5.29103990739672,-4.34580756549367
7.186673784842,3.92689054656105,4.43971876543174
4.17659783749792,5.29906378608997,8.64998003406636
0.493657901434512,1.82897531419938,0.922557872878003
9.2805016794348,7.6156961406572,7.46761549425154
5.53347182873334,3.72409856518382,4.32815386174276
-3.02391509087302,-0.433879222614404,1.88188496739172
6.21808166838009,4.08462886691982,4.41504350752682
-1.21592746472576,0.934074165939045,6.4863822593466
-4.35669501940539,-0.733712385424071,-1.16049786360361
14.6498832484259,11.6701547010666,10.179578497813
4.06034663324116,0.243720431668152,-9.86476180166624
-9.32275594403284,-5.86388637556819,-8.82886196986515
-7.30614512856542,-6.24844696916945,-7.99584261700599
-6.99898972462907,-4.97072201457986,-9.33669944031049
1.92026270725613,2.74870177756913,0.291702440269569
4.09337216608708,0.00677090479473474,0.0241229489525998
1.41568812697555,0.191623414840788,3.38357939780019
0.498151261450253,0.759436695078503,5.02524902434557
-10.6602137438966,-7.75386148541697,-7.4905560133792
3.70232932715857,2.51072226498412,0.853303794891263
2.29929896585903,3.56227793890911,0.842703578631434
4.02291776435763,3.37774884977792,3.23407688402071
-1.18131793894743,0.251977104283536,4.36839479286548
8.27514018689007,7.1763112232824,4.71600352367665
2.06186420824844,2.31869390374963,0.847483569700477
4.04382874907131,1.16961381171582,-0.846167328606927
14.5655897113621,8.4019477205586,4.96960264588396
-4.4894470512773,-3.99895379817169,-6.7298113563388
2.86008369572919,1.61232093169247,-1.79216918972761
1.45629286336222,0.683746959757677,3.11884049163779
-7.51464264244853,-7.59508225399273,-8.95257969293175
-0.694892608227558,-1.97608194131537,0.949286759451865
1.16279656465967,1.17521793545878,-1.05298855401637
-6.20381715264153,-2.97353881250836,-1.67790499090766
4.00245741606333,1.68888888208519,-0.187672702766054
-6.51559052534426,-4.8845118989926,-6.55094093525361
11.7892191016401,7.21612811093868,9.07628573488216
-3.0188575235847,-5.44528357007653,-4.57866531859197
-1.12920612453568,1.71190820637394,4.89381965000946
6.85822442274042,4.62492825416442,4.06103227670635
-1.83566806583337,-1.83828573312293,0.0912092968593656
-1.42565359890336,-1.38081968166079,-0.748535985243747
-4.61371525705921,-4.34838187081591,-7.59038214712795
-2.25914970769537,-1.69692305566511,-1.62045126264895
6.22241176001303,3.6493664686465,5.83832318809827
-0.381327120069673,-4.30635581168158,-3.53888010400218
14.3176318321394,11.2590772155812,11.2298733759002
-6.84622871182527,-3.15711256680799,-1.38414527466679
14.9749607242516,12.2774267458212,15.5357376426055
1.58823683545716,0.827006165021567,0.28131970385584
-9.5536326289605,-4.20301370958527,-9.32803171957576
1.22508134609988,0.719793074199311,4.1385930766948
0.895470149958458,-0.837655314218245,-6.77326274190395
-10.261562855042,-9.61013199415849,-7.84260842280405
11.4584518112756,10.7831162226506,11.6428937923175
7.86134140483975,6.31267323763989,3.26568307157672
-1.37520387626271,-1.21734424125502,-4.24478949106349
5.08294207873618,4.74096243092916,10.4613102654659
-0.433596910831447,-0.138325146061552,-5.96221618187269
7.33855416486864,3.79110590758245,-0.435845999816064
-8.18400364317676,-7.30087704439321,-11.36429886557
-4.04970069077651,-2.97766570428329,-4.15723636903289
1.19294395144412,1.86722110166269,1.64090556234291
-2.57144314402227,-1.71702445806892,-3.75023741905799
0.169935173225303,0.190392811919931,3.91453376907949
9.7091647620965,9.75407643513607,9.41199534512964
12.0488251117187,8.55818644339849,8.05255758125883
3.88446065815438,2.86995159986938,1.11541940182809
4.81521014112189,5.27365203771179,10.1182829100984
-2.08207250466518,-0.434353403425203,-0.831664080958784
10.8959635700685,8.55281950697632,5.69884588549798
7.68336885747588,7.08216646027542,11.1414272072514
5.53609832743667,3.44110310556043,7.66249252388039
2.45292732075217,0.532955732997412,-3.49531730633994
8.19859431433382,4.66904244450556,1.04713597362929
3.62204294504729,1.11511927867926,0.423151517229352
5.36196201765992,3.87511673492326,9.24672978648726
-5.89010386298187,-5.70276320253004,-11.6929634074696
14.1699300671372,8.45252072770007,8.21905812591029
-4.43982921484396,-2.93635955510041,-2.611427421439
7.97766017009903,3.54731722206751,-2.13352842932901
-9.36929058944703,-6.99229501279425,-8.98034080739377
-1.65137452412148,1.15765333758196,-0.311144831586146
0.883979955538741,0.279577622824207,1.96334664959976
0.587338396626084,0.784082709506251,-0.668455403948402
-0.246528310964313,-2.02570315153816,-2.3266551104881
-3.99873186212299,-1.66843593887762,-4.72173057339075
1.98807089239409,4.00239299306391,2.63966247282709
4.80630778171361,6.06327836366698,8.68368871135758
-3.10056172714182,-5.59364486387919,-5.94544473391913
2.65284156627967,3.47377521839086,2.93113508600268
7.99451505334695,5.08494294971887,3.77214551323146
5.44569966936095,4.0481155919234,5.29673775115506
0.303079745232988,1.96046403694103,3.23911018239748
9.10869772733659,7.726793632868,10.8092209924977
-3.41780857339018,-4.43990914425729,2.51999421978676
2.44317086313153,2.54177258494918,-0.090027228785452
4.10997695240319,0.788068022910118,-1.98966451480342
6.03882820072218,4.55843721381355,5.59876397873972
-3.62899659732549,-2.95140931052679,-3.74813338355107
3.6490414528573,0.699013284286107,0.115967153651519
-10.4400730584015,-7.14338572981974,-8.17867371771191
7.25331070237788,9.3282628803652,7.1306639008059
-5.69895197720806,-3.62378444515351,1.33030959639164
-0.822226840248196,1.4028731284842,1.23088974432524
5.95049277069296,4.68556320863619,5.6199168634408
19.1925543436038,12.0239522093479,13.3476282555304
-1.98757211956112,-1.72080689640456,2.84665436608655
-6.75656455812065,-3.02066284935161,-6.87605075539177
8.16266483067794,3.15635556869733,-1.83290269142339
-2.63262485691754,-2.01865958783302,-1.95769211199164
3.25994410556069,2.09006143977418,-3.85893146395265
-5.45886174649451,-1.48078606493075,-1.91500644430136
-10.9705824450152,-9.96222971733076,-7.2817406209372
-0.250352101340678,-1.92678161480231,-1.16034391855658
0.503150343323185,-0.173954732474692,-1.52465330691758
1.2311243663448,2.13987858095246,2.32547396009652
-18.1554545630738,-14.9886050254459,-8.13412751475783
9.81766102306482,6.16393224212745,10.673077604083
4.04304048176143,3.45956646284913,3.50495022358825
-12.1590769463905,-10.2744604454278,-8.70020460900188
12.5936403059735,8.02540987277767,3.28037894019102
-1.69597917188604,-2.89006684885257,-4.60072818962173
-7.92443959961671,-5.33939668747853,-3.00014823848005
4.52561246349363,4.49362856049679,0.618700557109263
0.882664344926753,-0.323834642640862,-1.24267632067335
2.55420854185699,2.88450764048176,-0.263969820404573
3.10911373624094,3.55193065672346,2.07383213633321
0.685773997220043,0.060923354158238,3.70528582353535
-9.53672225004909,-7.08117678227513,-5.82961953827249
-4.12576172777773,-2.4198816844311,4.77321125915274
7.48399764763303,8.76139755748507,11.2469205739417
4.32051824862162,-1.70157865895101,-4.64596677164174
-2.40276403525494,-2.81274337328181,-2.16165136386448
-2.61391500833515,-4.18851054526114,-2.65419955040233
10.3990312664765,9.70975893162779,12.3552901131999
6.65107111511067,3.7965030237886,5.15625954133404
2.63735291380181,2.95803429551352,1.80781825966288
-2.35948127009358,-2.58202803481743,-2.51154145912525
19.6295309918735,13.5806234955816,18.6765007854625
-5.84565660378463,-1.84270384014152,-3.89787713906657
6.25869269740986,3.79206625663124,2.2009576774625
-4.54321756581251,-2.76755302788727,-3.71375122514776
4.97349582485994,5.14947119840353,3.37514881977589
-2.86155961384577,-2.00963794042563,-4.50101082747689
-6.12180135473686,-4.68118678172634,-4.79177794899271
2.39254783665749,3.17840700378966,2.93298780506173
-0.178802253053468,-1.42763745758262,-2.97018500729892
2.53626118837052,2.59333046197493,2.17435285774118
-9.29296414203477,-6.30982699265057,-5.25579468350743
1.40007522991738,1.47761515398552,2.81435690737087
-1.22145049805351,0.217298630178586,0.610273056200996
-0.0932208156327817,-0.342592299099736,2.00397481149934
8.16767088199546,6.59594945601047,6.55597089944413
-5.13338201256133,-4.30409470428242,-1.45976221353922
4.19358951778311,3.6591887426236,6.58758905916384
3.48093703922783,1.21055346229487,0.772709143622795
-10.158060136285,-7.13336272632418,-6.61120289295946
1.35046083979127,1.12359490351219,-2.20131871518433
-2.91222455543365,-3.09073498309237,-3.27140703430318
1.38363697584703,2.36807483052329,0.769399990273391
17.4851993516058,16.1417062457113,19.0612555859847
-4.85002999729269,-1.89449596048554,-4.30033975062444
5.45198412983818,4.74656271951419,-0.185524513857308
11.2508656448709,10.3446147269366,10.5449303796339
9.8647100109906,5.75474530505477,7.66456661910414
-4.23593430163647,-3.85193722348846,-6.45467806806047
2.86031245023055,1.78958725057068,2.43069585192491
3.65339710467467,2.73524504434633,4.79584111521559
5.66818568127004,2.35325134835328,-0.846195031093028
-5.35577824734641,-3.96480439777185,-3.04337623618693
-4.45011184526791,-1.81246980138574,-0.0369029003196999
2.71883282046974,4.55165293882242,4.32508771030482
-2.01558112762563,-1.9505454331268,-0.919207680244068
11.5872482117003,8.86150502211747,7.33851542979867
1.76733611508716,1.65787731634484,0.942228032751282
2.58917545478049,3.10983530360076,-0.89811278236433
6.21566840042298,4.54235967809029,1.98640618931734
9.02228230867655,8.52415424248854,7.14747964646742
-0.0110571278613181,-2.21687397365805,1.85523714625584
5.49493805607859,6.56799132299666,3.53020061716467
0.306167494492366,-1.34804770061642,1.03320690866687
-0.839682093231502,-1.6507275351924,-0.561072428476874
14.8218960192673,13.6053832077262,18.4897334565545
4.3982706101417,-0.238521795845174,3.02846760305784
1.39888736333416,-1.82437516507884,-4.15506385802823
3.77766462743185,0.0308606619945346,-7.15650578733579
12.5845735112934,12.1632018787152,16.8279669659577
8.5913681052535,7.17185081968108,3.24422640569441
9.67513130347182,10.0385602119457,3.83733119755409
-4.58573979072444,-5.53059395350096,-12.7235503536286
-5.8854535655094,-6.50480873236293,-9.42570242689748
-5.12408559034783,-4.90589884222851,-5.20943098769254
-9.91538481795111,-9.73613719237643,-7.36241816941419
4.92069053711527,3.39418865706125,7.37667609297722
7.64905257885696,2.76881704268344,2.30427882844498
5.26061148694132,2.36720610582086,4.55871464753216
-5.62321647545335,-4.07833518836201,-6.96524051177859
-3.10327758257611,-0.84068416933153,-1.45972879327594
-7.62494236991217,-4.37289112899546,-4.51850481212074
-7.74977558240738,-7.36789079788293,-6.19408465216743
2.08311652332462,2.91197139189241,-2.74481879413525
12.7594306303973,11.3882449307181,7.20648982792424
11.2248156750832,5.29378616502084,6.02161099584097
8.38597714781728,6.65620176690274,6.51779876221014
11.5396146430245,8.67068924859825,8.0429578481792
8.45650625031641,4.91960412097221,0.291608854644888
3.03896329777954,1.07139384182316,-4.18007720604694
-3.50838383390428,-3.90745506012215,-6.38696852327438
-5.61923991295159,-3.03862126573705,-0.663677288099299
-0.308414008637462,-0.160045252726327,2.23133936476939
-0.182079344882585,3.68765225277155,3.83250385054744
8.32574746203456,5.90611445174917,6.39863413547225
-7.90227732086351,-6.48578434151472,-6.01176978577764
2.73726728523426,0.00434973853288256,0.235062267792214
10.1513713745902,8.64276181574205,7.30701418822839
3.01817753905315,0.297897886443421,1.95742689252186
2.1602110184508,0.945176071814949,-3.85667158605866
0.623532367574442,0.686171547997954,7.1816831872311
-1.34368084786813,-0.559753235027183,2.16191057921882
5.28220249566766,6.10464503002039,1.79311526942743
-6.25325165142338,-3.77838080314516,-5.74832117499294
0.0702828509589328,0.626693967338434,3.95867358987295
-5.98522401917443,-2.97987319105317,0.473538882717836
0.190795397418765,-1.42942870225064,0.750435671362698
4.95327721547548,3.34542505022275,6.88334874827945
-8.63010005435045,-7.50536775962483,-11.793528052917
9.18538360936104,5.39446726833411,3.94088217835531
9.19633285950583,5.81875009907315,4.06056412255499
1.78412770630848,1.41632389390479,-1.06169921633114
8.63447334931119,7.31556737755178,11.5577365794762
0.8420433551459,0.793753220615357,-0.272663088085045
2.15815573652849,2.13298705758598,-0.587023076025478
7.40902825017931,9.10069992778041,10.8129869044547
-1.16286183749512,-1.67014110774458,-3.40662995232824
4.63081799924965,2.52328948000021,0.807786998337501
4.21239820151895,4.90645308776649,2.74477341203846
3.74912597243654,3.04571827939365,-0.370059045546326
3.57175418132156,-0.860644844062307,0.592318273842264
-1.48044790474036,-1.78223242584434,0.926953473526891
8.44428059354257,4.82414495645039,4.97021880088422
-6.8380645438246,-6.24237174192926,-4.12553185873538
-6.09360740689524,-5.83106161521152,-4.47552694846587
8.76495126790968,4.27378342480303,7.07650509887891
2.05270178998978,-0.493613282259167,-3.18582882910385
-7.15997649170229,-6.98785210904863,-6.79573278750652
-6.3133545982934,-5.87311131355718,-4.60257329817538
4.53301350512304,2.53035063137168,-0.456195428937901
-4.31591773460406,-3.36510995623914,-1.70827005440771
-0.755239353783151,-1.74402107916498,-2.0996251722763
11.2236993849755,11.5639973965345,12.5744497340004
6.71225805276017,5.68134667873299,7.03630670122297
-0.137274568322915,1.42878098353468,-0.270429943841855
-0.185026765866254,3.9163738367875,5.23064496635799
0.793881952294743,0.382482328737231,-2.13196456836481
3.83075125435107,6.44498407712379,2.50515908607611
-7.24552225898364,-2.60699221044908,0.391857397401617
-3.70861407242356,-4.21511981991608,-5.21140055323352
0.380550128720506,0.81443266272664,-0.583941867756248
6.18825865516344,3.91360080886045,5.96794063313538
-8.13749527306434,-6.53686221836612,-5.98658076645013
2.03375046569562,3.0094106048846,4.07787591310704
2.11202552277826,2.57051861968992,-2.29573162420818
-10.1486330874527,-9.39110976882493,-6.71558047303035
-3.61082073059885,-3.11102849835251,-0.56288216527419
-5.07764222549817,-2.31064795912244,-5.50951475906803
5.71855772526291,3.68095543468745,0.960318716248852
-17.7529089374451,-14.7801023086887,-16.6596283926677
-3.43115681103602,-5.13421946412732,-2.48992616133919
3.9371304156525,2.89766976987726,-0.890023234113966
15.7517532158127,13.1276912693726,11.2188559300745
4.64958764199696,3.05456481936844,2.53435136469953
13.6217265396318,9.53221272029246,4.36215233710161
-3.48837274602994,-3.13046714419507,-2.83201622830011
14.6137178160889,11.5630347065115,13.7300181441071
2.73577863437891,1.45915594787328,-1.08052972585403
13.1097433561873,9.55877790668879,11.5574983095001
9.64193916244945,5.73605103309823,3.44927394294471
1.51801663902236,-1.17149559991964,-0.893504066337242
12.0481579226716,8.0150016819148,4.01718490571934
1.98840099043581,-0.399447615824518,-2.54960394282838
2.61441089092414,2.69557145954507,4.84944285028853
8.09963967189272,5.73809392410339,4.81286993141994
-8.04809399235292,-5.27462194673281,-8.86260028104057
-3.81713328515827,-2.41959101863735,-2.70497261813079
-1.64308792963957,-4.40370996581742,-6.79289858065684
-0.640053992087558,-0.492163139870673,-1.88053453356449
-4.73956179014591,-4.44779864794477,-0.6761320098593
2.81921870045017,-0.0737988625341259,-1.29842684741184
1.23340119745461,-0.763258443611442,0.412541103058638
-10.3422983405159,-6.26886845906986,-6.31779950281726
-12.6422076304531,-10.3203190701262,-12.7087417052083
0.463777571774836,-1.38525538524841,-3.89163669871913
-2.51671934795862,-5.14674951303101,-5.67212951610306
1.76893508749958,-0.0289442120688739,-0.175509648863362
16.9773389201949,14.0696906910804,12.9898494642783
8.33905221881002,7.87160883860636,10.6140582739701
-5.28759963716407,-2.75869052616874,2.78387574779514
1.14027538301035,2.17965362763527,1.88701625188941
3.81637550357633,0.757971151263456,1.33977041491984
5.58043304463275,3.54884760292046,6.73881966136866
-5.47168143540856,-6.55362352008914,-9.33507275314288
5.51738863310332,5.40574062903979,5.30231843017594
8.16533600899521,3.35442501466519,-1.1025209650484
5.95107251981628,4.82957541927555,7.75173083643829
7.19832416763532,6.4748702588268,11.4583954763849
2.01970334761486,2.08222279706654,-0.488554215519055
0.100122943420387,-0.0300581381620737,0.211563722187853
2.22759351954743,0.770115664240944,6.638692889775
-3.57305212841892,-4.76237177315497,-2.97172805107025
1.69167566798901,-0.58332581235569,-5.06700852171912
12.079319814539,8.26942637410917,10.7583011092191
7.13252540130286,5.49663106730384,-1.16001411344358
10.9298592392543,4.12416356547006,3.63910716956514
8.44834076328986,7.49981070727412,9.70745266937869
-4.47857806227216,-2.21653130150378,8.31870413350061
9.28742365697529,6.35131237989042,11.8746781349229
8.47682969367243,5.83956086637401,1.80425471658602
11.0291792157704,6.71140311386288,3.83512988022361
-0.542225299295555,0.395167547209205,0.74650556014077
1.89346892787538,3.35165252521369,1.40916352795376
3.31284976627349,0.735347876523963,-0.37159945059674
11.6760900157585,10.6545425324,5.21687789393289
-5.43711439889407,-1.72109577617768,-2.90693739577835
-3.30737303326462,-2.35549740365699,-0.522948047934487
16.870239862236,11.6425036806953,10.0143813263034
-0.782689627748095,-0.961330091458482,-4.64761088459061
-1.03706811743752,0.345652657133182,3.47419197788937
-0.318228721400329,-1.1220351829354,2.7851999244693
-7.09038178429298,-5.42367434516697,-1.75546418804653
-4.61038529456811,-2.91795949740514,-7.51046348367912
1.6377896997531,-1.30358803017642,0.111104552560657
4.79336966002744,4.61296225406461,0.452585177261097
12.2123871365577,9.01828347174324,7.7419623833386
1.32281566739835,0.399797218856802,6.54148240537694
1.68675857355091,1.95023779234714,-4.2261834459544
6.21423565971037,5.76879915640756,3.55747709599811
-0.344530155540965,0.793414355516066,2.62546371162167
1.01529603106321,3.09182372577576,4.19069741693176
4.98480941365127,2.12016293246864,5.02172589668045
8.29604595404785,6.70897794809561,6.96996210124899
-8.82760156134108,-7.20908551877553,-6.64626583297009
4.61576443050683,5.28604608963003,4.38951934522866
-3.2997640294962,-3.23829596520433,2.867145892194
-6.28148504401851,-5.31238377901466,-3.34256519195063
-3.83125581542475,-3.59743953017997,1.10432237916568
10.8654089723993,7.35705455374829,12.5016131758758
-3.943248583584,-2.63568745466109,-1.59950230333075
7.7383155035194,5.05913553981309,4.21684479124056
-6.13371841302542,-4.74650770383437,-4.0075207659969
-12.2044722054175,-9.52607004011773,-12.9430631457145
0.198927704613503,-1.90965064912967,-0.228741598276583
-1.89171736802233,-2.34549199397545,-0.187763239559455
-2.61518855808083,-0.337534272850903,-8.20074460311595
6.97148081203934,4.23551762070703,-2.7876022932543
-0.478000308347233,0.0948202366597708,-6.97743218756702
3.55141112583396,4.58942669537105,0.533078003968497
4.8041423477699,0.584701693784983,-0.687150942030276
0.613772891575402,0.184549465079661,1.36148023671503
-18.2451732218408,-13.3463165538028,-12.4765626063612
7.55078312350252,6.46446842493121,7.16666961631424
5.52507443990932,5.59026658698685,2.65430654648019
2.48891499647643,1.89519237815036,0.678070304997072
-10.206165250571,-8.01028431641725,-5.2846574038388
0.879811651056647,0.245386524652902,-3.0591801635791
7.71484155298879,3.62683534747864,4.06590026318438
0.374609584975687,-0.240022793891208,0.530799868534792
-2.16460755623389,-2.04625866826924,-4.97047284802001
1.40159837142778,1.29674386107406,2.68552141396514
11.4375188642406,8.48144307588866,5.97951951875193
5.66533394374919,5.57594992253901,3.5641373928752
-2.67647786396544,-0.135625949700046,-0.551260163855351
-14.5548172259998,-11.2271621053185,-13.4877322057791
10.8181320014515,8.6647874263484,7.17723393386914
0.563528659388433,0.127708917078259,-7.40820050352596
-1.22007967045841,-1.91970470371635,-3.35100708601157
-0.796194126214636,-3.32971507872168,-0.633975427840058
-5.987982252192,-3.51862517855647,-9.77922275853021
3.03606917803734,2.48399081376164,3.81183293432808
2.42797470814492,0.995706035489678,-0.984610293040639
2.0473030911916,0.712461568787237,-0.676278271477189
4.57200374261051,-0.202966570953592,-2.02497294014146
-9.36946310072322,-9.71588292849368,-5.6487955008281
6.92769215731962,7.24026655389215,6.1695127294359
-1.56372642457504,-1.4838066648277,-2.20948936291483
-7.2329109203336,-4.14378761267391,-0.899275099747986
18.7162578735104,12.2621103613565,12.6249114997773
6.80974893122344,5.38613902010005,7.75402762728371
-3.74119752849586,-3.02590374293149,-6.58003319605086
-2.50712921449645,-2.67944675222718,0.0596310515959315
-5.74842367767125,-4.96919306242888,-7.07621588292273
-4.73304183970097,-4.33398889221754,-8.80967720766897
2.29378605740731,3.35925992415532,4.61264440945938
-7.51912714557094,-5.01220106895517,-5.07357461619964
-2.63828524488959,-1.27770707423498,-3.72791991377258
7.01628712211226,3.91484080136788,6.88020774856099
-0.897774073539286,-0.460443482367003,0.332938727592852
0.729876715708359,-1.35975971455587,-3.95927200940856
-8.58924822992511,-4.45820781991981,-1.65500155254761
2.69768060149726,0.497271172649995,1.95747109503124
-2.00803323889639,-1.24696383858507,-3.37630646279182
11.7572076676328,7.97407100549011,13.2260562427157
7.50068018032795,5.20265741876262,6.82091194390061
-3.3637690435753,-1.98842341611547,-5.54009866117132
-3.04522304111065,-3.97819888824815,-9.1494656718783
-1.0644007400019,0.487368538364631,-3.29454785768719
8.26984153806617,4.61303221054059,6.12327010492154
5.63466858563367,3.15424711581873,-4.1150095641278
-2.98600318353018,-4.01939741888492,-4.56913968095746
12.6348557927263,7.37226564257981,10.7041321409537
8.87048903653474,4.97152574239657,5.86747848596191
-2.54195804065885,-0.783283910311307,0.0614205106629547
-4.91599542679869,-3.49495285147338,-4.58475791013696
-0.234665960165179,0.761987540253961,-1.27121668121595
6.22317836724739,4.31161719424449,7.20707418581045
-2.34910428790212,-1.61866871531282,-0.331700027473294
6.07652872969744,2.68715742697727,4.45040146432479
5.15665472422255,4.74792270024265,3.09567892524705
-2.1813954175998,-2.45930369563618,-2.19319069741147
1.68759980126765,2.07430773138229,3.10173104691975
-1.08116794159922,-0.350109201011776,2.35007940050213
-7.09156038286711,-3.47448539981611,-1.25134028983676
0.10266343795704,0.77955601972229,-2.04668499466642
-9.56738394948004,-6.92307823266631,-5.20899381717872
-0.709805627157662,-2.12819894845436,-1.66105198347427
13.1314744439737,8.77038690110407,9.63749805321907
7.45310006522893,4.4586497514748,4.01322777452431
-1.82047687237093,-0.765518233946921,-3.21146627425509
-6.30744248070307,-4.64853918479594,-9.37865610050345
5.33561133937313,2.13325410151206,3.78348882721249
1.63042380333017,2.02059146439427,1.41490202182279
8.46067430103665,8.1931994736563,10.5932233394523
5.6813727936551,6.8916211459577,9.40750943525325
10.1982274719291,7.75725977762422,10.1210532597707
0.453146831810427,2.438251720301,4.27564673711466
-2.35038149924613,-4.77408102859677,-7.84949224404712
11.3153880353811,6.86593136162168,12.0868262223599
8.59658042100419,5.91449200571838,5.48383043297393
3.90688323034004,2.85595971624116,1.62727608002085
-2.45516686971568,1.75639994829742,-0.289688319564711
-2.92341161035703,-2.828524115386,-7.19518581530668
5.38990443268455,6.46941569624664,2.80814512450358
-1.03664166901836,0.516914002426795,-0.519899234488936
-2.64248160291236,-0.450404527230687,-1.86708902953041
1.42524377043686,1.7221941403281,4.51443139814371
8.1016628377168,7.06030686885267,2.45194090110127
1.74802889010696,3.55809997631131,3.34965313188893
2.28057363011045,0.589560066443404,1.13298438806509
0.427028594965261,0.392775856504321,0.95125689520037
-11.8774931533931,-9.14078137952892,-10.5420001596217
16.8540826794749,13.9428111007552,15.9708057611822
-6.23483925223033,-6.37022048028583,-3.00869251121923
5.03175878305569,3.64468183562234,1.9263070707362
11.9171342039152,8.62710694334093,8.34064365988485
-1.92089630746621,2.0828561705774,-0.801926261268423
8.81933232460346,2.78378326820431,7.52430246099068
7.48992505682227,7.17579000120474,5.5632462092306
1.16549783383787,1.19798222911582,2.10317923040935
-10.4041309799824,-4.96735224421103,-3.75053355196802
-0.577270690993831,0.10635331224726,5.10369718192527
2.36362957164892,2.50648656694918,3.05150804839281
6.76488145355079,5.07617788273837,7.5910921230995
18.1865125103223,11.4400030660058,9.86574191676622
6.34943050906635,2.98796547869537,3.98533829716317
-1.49845602703506,-2.29855617688129,-2.04295974037724
-12.5931350323828,-11.5663388924501,-11.5822769482658
3.46331643784198,1.6767758385251,1.16873478688368
-7.61463553989972,-7.18974755937096,-6.84842050112316
13.5267499615785,10.4494274926378,11.7485027895802
8.63151418980078,7.65315065934985,6.41101998244505
9.19520718716568,4.97780116732247,4.11143710362076
6.93073338978306,4.98764367565601,5.4248730865421
-4.48809212621797,-3.81223738180704,-4.13613361658373
2.38970879984528,0.731402706697944,-4.90103485554317
1.4002198390391,2.30109284957465,0.793486736580682
-3.70728448423929,-1.64894023914584,-1.64834276726546
-4.1651721193128,-3.79053204680429,-0.870192650355304
-1.45628897233198,-0.248259212430691,2.39270051242858
-9.28053329845147,-7.08956537362042,-0.335559268768771
10.4004501286281,6.10241672697355,1.92368402990549
-3.21149050413787,-4.07045089944823,-7.37217277022274
5.08732736063408,2.56200341587819,2.71149251464806
0.561807478646245,2.24755220852638,6.48952719587216
-1.04883926478147,1.71287015753737,4.46072345964172
7.89667080771327,7.90626892040422,7.51272800086597
-5.93352021114152,-3.77531070906398,-2.51207229632555
-4.43733287358804,-4.01433540071124,-4.89617724273607
-4.35908396071229,-3.9255075277585,-4.25977543289067
11.4680544957377,8.1748888225586,6.11203907183957
-2.99027144471544,-0.794694220125128,4.60859332117287
2.0763459737184,3.03395723704064,9.7487646104508
-2.36409687417354,-1.29822502004917,1.51339516856905
6.67345623922902,4.0405620206092,3.243512389156
-0.792271715989901,-1.13410387373072,-1.65566982088001
14.0145226325492,8.28122508394986,6.08046903289914
13.2005425971008,8.63000772919917,10.355427464124
8.18206494525549,6.2687896676009,0.527826639849559
-6.89292740183084,-4.56805421267531,2.14752100828867
5.86285184507548,4.47596916042192,3.87946800762756
5.27572576394992,5.77916425782904,8.43603490877709
4.91485614405133,3.17167528084331,-0.145284846073078
7.75267521919706,4.98718835396968,-0.460793114074806
-6.40122394246687,-5.82920625934301,-3.27261676723141
4.20159747495232,5.52739837927822,5.57062075519133
-3.0032105778276,-4.1997711273001,-3.03819647979512
0.163730915109741,0.814769577100693,1.72092641410161
3.49192112621102,1.72673267228291,4.09254481913899
10.4622865926887,8.28929258741081,14.4845570494162
5.87419478246862,3.93453077353699,4.01404947334948
-0.171226583949377,0.0429164169965425,-0.667072096285095
-5.71366327854954,-3.56541081082209,-7.28372736135652
0.155146195734352,-0.48653730296924,-1.96523599680953
1.34978511229047,2.37307546842415,-2.04680233694261
-5.74873137975726,-5.54524689531122,-4.59931773089933
4.64981060471311,3.82816522819856,7.71881256974832
-6.56584764568495,-3.48973684056895,1.22407113530557
-8.65652361925106,-5.71379456438107,-7.4969623368044
0.403998125528677,1.15870323087033,0.23599048553013
0.778877964776004,1.02137347222146,7.60921212184718
-0.0102553800399363,0.722245308537092,2.02092204268225
-5.66346685677551,-6.3502529675783,-7.36004819296566
-3.90995007285377,-1.85305171767481,-1.46841116043304
-2.23967458087544,-1.54341031582606,-2.39787646307685
-9.57516164436336,-8.36491424505678,-2.60527619945804
-1.97865561537618,-0.892110517001698,0.545350944401047
-4.4179169105741,-1.37969999933297,1.91049419296086
17.9961798589059,11.3455777118063,10.0951957128474
-1.9320545474833,-2.28490916910844,-5.71255729885658
2.94408475687994,1.78484398151124,-0.334830823722061
-1.55470929798175,-3.3459167706974,-5.6026125260294
-2.0533014080445,-0.0547059170118498,-2.92359742924659
4.29314457435549,3.75816202615729,3.22701544985853
11.5498768667164,7.65636751387255,10.8917833835224
9.85053558684605,4.51652982011617,4.58450918629076
-1.47885178353198,-1.79953074558832,-1.17786241770727
5.0852894950324,3.83139841080961,2.20917181454589
7.66682834352191,6.9511401071996,6.2375204174823
5.44525418354783,2.79537335283685,3.06899992487666
12.6853319727942,9.30223724472723,13.8882060165057
13.4355471119865,7.45364676732932,8.47219753318056
-4.27502325709533,-5.57896077840671,-8.77046732644575
-9.89877949923634,-6.4461133195625,-6.43819487470064
3.14586641902708,2.90368125547564,12.357491210867
-3.01113863713606,-1.64030030941769,-5.29286564163993
8.8261403989139,7.14495952411559,11.8659258985927
-2.27854717725372,-1.93307358371182,-3.41296282783438
-0.0907052977293739,-3.50993348963679,-7.97847903960037
4.0544242280622,4.36661109945067,6.38886774768591
-0.917288266691423,-0.455177197517876,1.83476158012272
16.0341591829529,15.7993916924581,13.1180489518806
2.20901138202248,3.78470625320224,0.967427408939037
-2.67494958841761,-3.94262713909783,-3.87418567804529
-2.85106280971454,-1.74371896808065,-3.92846591126856
2.73719513050712,-0.433220987759719,-1.81860162113189
9.7788513298556,6.93046333941112,4.25591182113576
3.69919814918235,2.02910487273158,0.793896096380195
5.90802821088414,6.48202149104534,11.7775479708055
10.7244968516598,8.39934538628041,11.0124799527967
2.93719463534105,0.319450811488694,0.504094446977176
-3.60068092979236,-2.58689434485471,1.7796690432886
-3.5540140901363,-0.897790112398717,0.430961162008977
4.31479526944391,1.69209972062352,4.38698236590069
-3.06529023081185,-3.29479140590509,-1.3352263607771
8.17824845235603,6.73465318310631,11.68399309128
8.84918201784716,7.13050136298686,7.82050759688962
7.21541070518918,4.60995126390908,8.92894472993358
7.33246707521373,4.08667128260198,4.91619478302288
2.60074970302286,5.08160009821386,9.22000578357961
8.13314413121256,5.08341693838519,3.64662714318491
10.7396045222755,8.30526884249161,8.4445422296605
-3.86444722067383,-5.23498416346098,-7.05078594575782
1.80044159409655,-0.0271278355663747,-2.83062559580639
-4.84230570635437,-3.5101245001584,1.0688876353344
1.13417250215771,0.596647898321391,-1.99026175433696
3.67230958776608,2.01784078837725,4.94200745737056
-7.56263364218447,-6.34387294250118,-4.75047923893671
3.77058744118257,2.72804769089115,-2.98418404074989
2.71305902249694,2.80275665294128,0.824520051023024
0.136049287786816,-0.205759270982718,0.289312949202977
10.0599360354081,6.28614587479268,3.24199410555719
-4.87125181996136,-4.21733323595059,-6.32710732804888
-6.01770050212813,-5.7237440446237,-9.30568127324436
4.63603619121524,1.05385686198694,3.9629109583535
0.692620975537498,-2.4250693219992,0.530235589448962
5.31746881364289,4.89156661608521,8.32226411191049
-3.8401543875297,-2.29399519623001,-1.30754884106421
10.3800403318967,8.26322143972116,10.4409833168243
-9.42035198407457,-8.83911766936445,-4.5530528343432
7.69214623180627,3.98689580026752,5.93398168659887
0.856438253321413,0.230211312037048,6.94435844770215
-1.03956023360276,-3.43058291293148,-4.47079733071232
2.85150078221375,0.0356467722944862,1.17956298324834
11.9403181767671,6.4877829220351,6.05900749347585
5.84909475054895,4.07805286278179,2.78925798905302
0.643511397434689,-0.223563469042152,3.97472146276688
4.23433488336416,0.254231787762867,-4.46351956971625
12.7863172856601,10.8599402465122,4.5898040629305
-1.19055086317158,-3.65007964462757,2.12089057589969
-5.39624279120978,-5.87288269379155,-4.74424156238287
6.82804127629269,8.55022922045789,11.2732224979616
-5.50325761517669,-3.95950518598813,-4.96540691206222
5.23394994375102,3.91335651278831,4.20463810242022
-1.18154389194764,-0.207848203589152,-1.13272841683515
2.70412109850222,1.47879607017306,0.170361860549411
21.0967673130675,13.3160563469442,13.3878169740492
-6.0513471365249,-1.8680106325975,-3.0103477030574
-7.31758889078741,-6.34223954719893,-5.75581919117899
1.1744077303928,-0.243764332538115,1.44860890418926
1.49561316900405,1.83315355993468,7.60847753238524
4.49383732314337,4.48651567369577,6.79215926914853
6.86792464550879,4.08065413184714,2.00211836046633
-3.63441989499584,-8.04105886480567,-12.5071351365533
6.76285449617589,5.01599871972845,5.27058180239212
-1.61441026024071,-1.20072535029221,1.76870901739571
-8.72303977918568,-6.18826932612034,-3.29619086257793
-6.50078685450049,-2.26104463011317,-5.39789111694808
8.54439753661847,4.26527530436208,4.44383089435317
3.5111537746354,5.79303559308556,4.1853366631858
8.17670305543031,6.74606506358674,11.843148414333
-11.225127608653,-8.78335866568673,-10.6904441439499
-5.62197064732205,-4.51657352471605,-2.00602045972714
13.2911563951373,10.0942683599182,11.5753499378221
-2.18923292590619,-4.22400423878921,-5.67763108846211
7.68807251997471,6.23439763685584,6.95334851200153
3.08772117592601,0.150678461381156,-2.74225244025245
0.0551557409257937,1.09088691994142,-1.30808702122113
8.37243764460523,8.15493386477993,14.8184464161924
9.30402418810729,5.35442411978818,3.29568095883238
-6.91221375138461,-9.46859519498886,-5.90022713629072
11.701024296403,8.48315953216837,5.27953895599202
4.11977270806215,1.57289864640714,8.05659163861578
11.3538818933618,8.65230682360709,6.41712836935275
-6.12580682687878,-5.96032991934957,-6.43866436190546
5.74467536404226,3.45401630673794,2.76584860557692
-2.82802143953406,-1.74975670526147,-2.68135751532208
2.41536095834906,-0.597758957382822,-2.0723369279402
-10.9915127564261,-9.09145267276797,-6.82060605269622
-3.16612040287033,-3.86513421038151,-2.78710297895625
-1.6934151993865,-1.70810284655764,1.51347824581254
8.63697223254622,7.54400286963186,8.80487020928546
4.56986367768454,2.04463778237912,0.642443006225966
-15.0943442658097,-12.1914969365642,-14.2507331923674
-3.35810583652082,-1.82695974033721,-1.75425794278947
-3.08637055821701,-2.16559203683744,-1.99038933408175
5.75520558367904,5.98965709112522,3.72669710647757
2.54507981407478,2.36525485855796,7.70980626526799
6.9388227540126,5.55213299081849,-3.74846027110728
6.21800441407203,6.35080291911165,12.5707215116512
-2.67418152406715,-5.48079502045137,-5.47615899969161
10.9537028218731,7.52583591936362,5.59510709432096
-4.31389309869238,-1.01986825151865,-1.09019714236309
-1.28545588196556,-1.12845183442736,3.16029745062929
0.827050143736143,1.91362151593369,3.751054944523
9.7155431739252,5.73584880585483,5.79947640135757
9.00625999294211,6.02718225119816,5.92249943242719
-9.03817229846914,-8.45864845225465,-12.3660445397588
3.50270098382693,2.68397480892589,2.38732399618758
4.98825116455941,5.00290613919033,5.13128416231272
5.20957236038344,2.66266768158597,1.56361495796501
2.54156417320707,3.38755142934897,0.740500358553635
12.654884599831,5.80799879160948,6.59416953502027
8.44537172535856,6.03079163873888,4.42933143726908
7.34858667164008,4.17811578435915,6.32318283227117
0.656584867436833,1.53448024327723,-2.81512454207425
-0.316969995593262,-3.0760052495861,-3.10582398947743
-7.36199676488475,-6.40753168104852,-5.14317958733225
-6.16109849110021,-2.89272647018076,-6.2212173080287
1.58938311741447,-0.505297689050222,3.80905207603823
-4.70544811704935,-2.05540242481382,-1.73265517474683
7.75970962627659,6.95271143719842,8.73254674290161
-2.03755894288948,-2.50213027529218,-5.64498866584456
2.33627738303524,1.33535902605374,-2.17885666607055
-2.2127215349894,-0.0411860974157072,-5.1841381276479
0.563978921733906,1.46768311979628,0.227509882072484
-1.32023483858237,-1.89537304988238,-4.42258311393215
1.31641385188739,-0.162670138878666,6.18663864826241
-3.70390018885666,0.665157829003614,-0.105781842474392
3.5762305610142,3.71801163895582,10.9789490492996
-4.29121775943692,-4.69416564286172,-1.27470490928784
5.67584264698797,4.53511989548575,2.7821143741454
10.1896103841703,10.1933089544922,7.07490175842553
9.56200467571264,7.52450279327923,11.1980944130544
4.86858264005679,1.40558550860933,4.44475953428903
-3.36002540989246,-2.3612714378584,-2.8087170338868
12.9250058182532,7.53978834497282,6.9633976426048
-5.87312936277405,-3.9847006695039,-2.44784696253307
1.59541719683121,1.58163930549417,3.35814576661481
-2.45319787434746,-2.86697942757247,-2.9747460153249
12.8179186583572,11.6285262560542,13.2926231835896
3.66418445338246,0.741135897629961,-3.86668985147336
7.66262102952762,8.48613919941601,12.1575126758878
4.47977529263238,2.31961608362686,2.41328391034876
7.85621195292462,4.16193526373697,1.58945570271915
-6.1970009782922,-6.71523648867351,-5.44145037394115
8.32378284646052,3.69528576223781,12.1899351238389
-1.62364746417941,-3.47686504236135,-5.6184511972679
3.222641633614,0.535079090312094,0.263333896700147
4.81670713993871,3.67392868879439,0.70808688212746
-16.0018980948124,-14.1538389865409,-14.4420528425246
1.10013078666173,1.21793594311807,-1.96701721560183
-0.134465295049677,-1.75761435038547,0.705071911731401
-2.50251060903999,-0.229378275772983,3.28867684520984
-2.38644384889041,-2.96675190989104,-0.44472867012325
6.80101768662301,5.77680055633767,9.4170121822093
9.15468285226889,4.83293887587113,6.45730810521868
3.47630345040964,2.70042766310015,-0.267952202856077
-5.74614923901017,-6.20475539677424,-6.45305745665821
6.18626059529404,3.37310861957779,-2.34515847162304
-7.00960415220676,-3.94812978669158,-7.9721425456718
7.75266329628983,4.14943026619475,6.51095780040134
8.9797798182447,6.64489401623368,2.28683020246952
-7.6886451033779,-7.16391045552713,-8.68054417925821
3.232609168124,0.722380175330647,-4.41859386059352
-3.94994894072288,-2.04923899993463,2.54530115928822
-5.0706429172447,-1.45013803862373,-0.768286909415881
-7.44167959344051,-7.99455081659154,-5.31997282679865
-0.364282176821016,0.877165521143961,0.29307099514213
-6.71400910395837,-2.52096001711624,-8.51767148569679
2.60661117925217,-2.07251687862743,-3.44832615900904
6.10137186320959,6.66548639132854,5.23494757841571
-1.01711922140286,-0.900861528418627,-3.85814621652224
1.29409411489421,2.43608000346233,1.83717782529837
12.5085172912529,9.77487082064187,5.63699201878508
-1.89304801191137,-0.975942195484989,-2.83839217248427
-1.58845874194051,-1.97020540868361,-4.43754984100198
-1.52191495267387,-1.29372392021013,2.513757012162
8.27814532205929,7.38241333906023,4.48903900923666
0.577710622135234,1.74512031518056,2.06621821961584
4.8115645219844,3.4278343594243,1.56253167510949
7.21515871596853,3.2081775305742,2.58133343633231
0.794361908093319,2.29862661740903,2.077726918034
4.96379170983912,5.44670813668225,8.50215271886482
8.45623667699927,7.18424577323007,7.48618756341315
-4.41316627108286,-3.77737149426072,0.028471971330239
10.1670977115594,5.09907430762971,4.79640088362603
9.76142098250937,3.51875021605092,4.48409518900126
-3.07720331571629,-1.78225064138622,-2.39147535048868
1.22607281982591,-0.191477983756571,1.1483250545579
7.36909288996497,2.03748802983362,1.44247701942209
12.8520019030388,9.33028831186769,11.3291879409018
13.4956921388232,15.4350137383148,13.7614692971408
0.540888744746896,1.71895423475832,4.37820207618163
1.18571637564354,-1.3871289859763,-0.402723275521187
-2.33575425787494,1.06642080107079,-3.42732724935996
6.97124751628075,3.08982010320175,5.7712102411385
0.545434413476595,-1.66379755613431,2.27718092567915
-2.34877160981063,-2.2321107303444,-1.86846195510871
10.3931596715225,6.32500739315325,5.91460036476165
-5.92922836911302,-6.07412957150639,-3.85195333790325
-6.39548895570712,-4.52507265488702,-8.92533162991764
1.860282588228,1.02609777128999,1.51020276297311
0.842961204717007,-0.252544568708872,3.16173733184071
6.17993547161061,5.68696065050458,2.62993789377888
-3.24203079886649,-4.79546312307851,-7.16564833239828
11.9184579901705,6.981635045244,3.4488752887595
6.09337201672794,2.67334272019666,4.81406424098016
11.7530818305486,8.81842718817897,5.77829587149127
3.76647529085458,4.22873133921806,5.51385269758592
2.82594392362422,1.91730355287473,-4.51473394429216
6.90207272521512,5.08693296254218,7.18602968486865
1.60502619284185,2.93317704072813,8.7085215320688
0.995261865806651,-2.35605274492401,-4.936213595732
6.74394043697031,2.37863849569074,7.64186826335786
-4.12835060048584,-2.4987406262985,2.52334418385706
7.95622955717822,4.72502797046867,8.33661994896878
0.920304054809132,-0.723342425999048,-0.559006813817344
9.90587204543038,5.48412773925217,5.95785562037981
-0.477354395731578,-1.61152379924719,-4.00837540722298
5.16910593876997,4.0163109370473,1.33497897048322
6.18906910413313,6.12876018988579,4.2773273958195
2.85013190644832,3.36536908397599,11.6265967528764
-1.75177430317557,-0.683833121579444,-3.82357487604034
-2.23871379890113,-0.983775278637878,-0.81650109623468
1.76479465863928,0.431283687177718,0.735021385907809
2.12288591090877,4.01634458883794,10.4595191310946
3.00262874474451,5.43177440114966,8.71537213741678
0.296694751225322,-0.361883526302439,1.65472738565348
-7.05427130559314,-5.11523700325033,-4.04774033225875
-2.48471956267402,-3.24370214712229,-5.37885662712602
4.43728568582736,2.64471542138707,7.79266357906574
10.1086113722847,7.08082789283168,8.53093383170414
-4.03084526501482,-3.79914669958029,-2.80539309287808
-3.19240503091997,-0.551579129503025,0.0551449256607661
-4.31057713669634,-3.76493214939034,-2.80184275259365
1.35762699410774,2.42885503092394,6.71357105795834
4.21652571864946,2.10026961348568,6.4497940590758
-2.0915971869885,-2.22403036711202,-0.690158372157928
2.88437148812862,0.815825024188122,5.02979755848352
-2.28467809378382,-0.572279810966857,0.170272743818815
-4.47097694896263,-2.7792653850271,-1.85086410853248
0.190894947799861,-0.829486298048665,-4.33005277022091
-12.5177720951525,-10.3247925206427,-12.6344800081312
-5.58153160248728,-4.7043968212345,-7.78837033642847
7.2928190573653,0.739904458808732,1.37829363155889
4.01898805620846,1.45685433045258,3.6689491103024
18.2504466299213,12.5843991117323,11.4298018036077
7.95515909939655,5.09669316673938,3.54175348520285
8.71575254937979,8.67060180335306,9.98524529672791
2.3036819326581,2.24417690981916,2.26286516750086
1.14249983118325,0.927749211197476,4.42596571476641
7.91278951606157,5.98325812865577,7.24177252869986
-2.34644411096064,-4.43580822118777,-8.39632204389761
3.02912081541722,2.04216899360218,1.53410308174744
-8.24563883370972,-6.61905452200574,-12.4105094325925
9.68512923910196,5.92337243550985,6.06985790350233
1.52993761012566,-0.445798334324876,-0.651404774490263
-1.26740144524079,-0.728410235456231,-3.02438262431779
6.67894245464714,5.14207020305123,1.72570462557768
7.01737306288948,2.87696829025031,4.11770600834563
0.807342034031348,1.71580573493032,-2.00131230373219
-6.80827666564945,-6.3987262428666,-7.47579709409221
-6.04267395754638,-3.81135489919129,1.87295333866672
-10.9462592371571,-6.17733108961933,-2.82224726694099
9.76126227900092,7.36246665984211,8.1626589680658
2.9741419163186,3.29695712035591,8.86591646289546
2.9916613259953,-0.547742907164541,-1.85426600092886
9.35160583855787,6.80760063009014,6.62919889517702
-11.1216074042294,-5.97277434789065,-4.35348932725526
8.5360901739972,5.84485881785431,6.10637456215079
-3.10102561184185,-3.22462817123905,-1.18441515044903
-6.36826655212915,-4.06335715631014,-1.41304252725311
-1.70524681302852,-0.893383277961183,-3.47384386290067
0.151365521678635,2.19771687194491,2.79527086912451
1.65318692775716,-1.6849466846374,2.18255232958244
-3.43999255642906,-2.31399215267245,1.31267468353831
2.06515914075397,-0.662835337891521,1.7354389748072
9.95893698293533,7.08989218579185,3.87132341933452
14.9624456386677,11.2571971113644,12.4458562875283
6.19446937263539,2.69922242439128,2.56303732283046
6.49828500600345,4.41841584161104,9.72552446844048
-0.853860110538878,0.452657733233635,-3.66593293949491
-1.78415062846958,-0.896513296453169,-0.992092684298094
3.47402396931992,2.07225281390706,5.6530311805769
6.20635195043531,7.04196269748021,9.18467193227352
2.14407493785336,1.32569821095781,-0.523405041569217
12.874852746265,6.30378003572807,2.17271235588747
-3.27598953956102,-2.36798153372159,-8.14961111031064
10.4272270588358,10.0812526660218,4.99366965232944
8.00190554152683,6.46088958180255,5.23009235812944
11.8097667656003,7.81289194225747,7.9867933156227
8.37617848048628,6.49584201522193,7.28880179132565
3.56457006092092,4.4148295402377,6.7011794794527
-1.17407043592368,-1.76670799599129,1.06705861104377
7.327643414843,4.28807052581315,3.02916391002348
11.0892355854367,8.08950538289275,9.26832041629731
8.51132372811727,6.29161562558564,6.8661727056068
-4.82120368697537,-2.23224756704293,-6.87207275645737
12.2064790432667,9.46002577265953,3.65678813919042
-3.67834675844697,-1.97119875393122,-1.38944169215397
2.08749872001807,1.36970131256164,1.04754526250833
-13.6692625954428,-12.0957574512048,-13.6539151073805
-2.62940691719398,-3.74412508779409,-1.37610262191221
2.04193368217575,1.51183409483921,-0.603153733899056
3.29382565231515,2.89036541995071,2.59702017282289
-0.47448486343119,0.634653580827675,5.63114589041754
-2.60856568205697,-3.33413148889168,-1.7522726781755
0.655754336144192,-0.78901134878244,-1.16087342168429
4.28122894572474,1.15770894439119,-3.84534520375353
-5.79268730523443,-4.47776445892153,-3.11699543068123
-4.11934342083388,-4.73279563522257,-5.57578814259041
5.27180611409965,3.23947956482311,4.58218726405929
-1.61000826154377,0.165756401003587,-1.36635264519339
-10.3602124974958,-9.9026633882619,-12.494906992989
4.67008027847498,2.20701825200208,1.90556660251122
-10.0436920891772,-5.24874718781052,-0.764421273548098
-0.9039484392285,-1.65233532321085,-3.3925280441874
-3.51250878943097,-3.79537692336831,-1.50916063769539
0.44016744075549,2.72025666653887,0.775146705236156
-0.0953255257997034,-0.890251197889597,4.44650841039979
1.40804145042486,3.00035256989479,3.4380756287183
17.2186933956872,13.899076754815,15.6526450877758
-1.39189951935733,-1.20006361442226,-3.96748844943008
1.06120531151245,2.51059839001432,6.90217469379157
3.97970321089927,4.86830261939235,6.87773979681322
4.19144463985409,1.56773014153009,-1.61453462130097
2.81022659206518,0.487330181783116,-1.77980128174266
10.1596916534657,7.38391867858562,7.84570510490203
4.94393682699522,2.0732550169743,2.73565356858342
-3.2090808189672,-3.80450220067111,0.286132555472019
6.12880289626784,5.36715600780181,3.37780436716021
1.91442502116287,-0.747472095122105,-2.99032844540816
8.72996888964513,6.77748834567255,4.59447237447782
-8.41931819597427,-5.20823606015107,-5.96599002322388
6.55832859352896,5.04944531998638,3.22573472432013
-1.86412408475547,-1.38027367601034,-2.69356124272924
7.21415874864598,5.42080806010416,4.90170901269181
-5.77277715925841,-3.97068521040059,-4.02517554562442
1.14238111769889,0.591056240698639,-1.2907069323006
14.3897512880405,8.6473772048034,14.3001155527469
4.01625992142664,0.748259409766787,-1.13962363052286
4.46412076471715,4.46290627666569,3.13921365638489
1.65183445286273,0.799051166187301,2.9305330885183
-7.55855794921433,-5.24500678743196,-10.7120127598559
4.58278706437366,2.00472108107439,-0.0049706122341604
-6.99013068417738,-5.34262182562725,-2.43495602287686
-3.61949787736657,-1.29517872636926,1.95396115493219
6.00113158948545,5.63227539944639,3.06384997914668
0.686426431243262,0.0877372096648759,-1.47412090461269
-10.3258963814628,-11.3873565116176,-8.04199844966113
17.3147107568814,13.6800260101055,13.841163314585
9.76275701867549,7.01877940588115,7.76658628267065
8.06424319594005,7.58730259863464,11.5241539006519
-2.35888518976796,-1.34936149901552,-5.72533482801839
1.47093800199305,-0.29025610242664,-3.24479721704777
4.80846915253545,3.22682032594312,8.02722143239902
-4.93080382179416,-5.15824523766988,-4.95269468821015
-6.18714078867881,-4.09090423941938,-5.72538121244886
-2.27591720056919,-4.03520655884045,-2.50961731505146
2.56816601828555,-1.0121496904703,0.708043843292962
-3.02467289057357,-4.53066486086582,0.0704617757489645
4.39890679025031,3.23340400069553,5.92315195592335
-10.2755456097791,-4.8876713284178,-5.54390579362154
0.908103101072434,0.247642497723853,-3.54750613535021
17.3630881917463,10.7874007678485,9.31297691013411
0.198357200967423,-0.343031141866883,3.41744922823032
6.53170508638589,3.78295221680864,2.69535014350136
8.8043192627307,6.06705210521799,8.43365302433404
4.85315102981825,5.30042813258981,9.65580977887048
-1.79614848525344,-1.44285659857819,-3.81402166016366
0.541360035823508,-2.50608266668755,-3.86983431518572
-8.40105291111144,-8.26908826124044,-13.7356011876157
8.56101118365534,5.26953174776559,7.88171860462124
1.63818101687138,-0.024222105666331,3.57666154227876
7.51624546350396,6.31195788983182,10.2324539065089
-11.5675035517988,-6.00908283494824,-9.08389848426119
17.0842496635227,11.5064538032903,12.4377895187976
-1.76196699734144,0.293999839960407,7.75514414607126
10.2562304218986,7.79014671011982,7.34989972904034
-0.760338800297734,-1.7813072527261,1.31713744235494
-10.2028809780565,-6.85062588498987,-2.06144039875079
7.86194031114829,6.12488544917325,1.21800264764723
5.17959331150105,3.52388618369242,2.80176538247508
-2.60865002435497,-2.44806615701191,-1.76595868689957
9.63540084040856,7.3745688164837,8.74463922421838
4.6920239222992,0.607783726936347,-0.0119035427587112
1.71608301867297,0.951051538814303,0.275634351521961
8.26489094242871,5.21483318504205,0.583237335218038
-2.16447552830165,-2.28087922110717,-1.71377344892018
7.26581492980602,4.97063870777688,6.26577813729135
1.63942341960865,-0.280390132480111,-0.101740245950369
3.00551657820077,-0.359290079490257,-1.17055014810607
-0.233263218035574,-4.71684007652192,-4.09704237832506
11.9830506042265,9.17564462845614,7.41329456827815
-0.234287948244068,-1.87107798859241,-4.92294451685361
-4.20400783173787,-4.7578662349365,-4.59033918553902
0.742986586181873,1.93842621101726,4.75668183997577
8.83772621417669,7.05975449743821,7.85184806486204
2.94217323560552,-1.69567807009017,0.26166619899081
9.2102413467137,5.94083981113383,2.649996201319
-3.96819734412942,-4.19651378603748,-7.94044566028292
12.3227106411101,7.46436132155141,0.0304504105815262
5.62607788685749,2.86321993532878,2.87836077037953
-5.03971441006819,-2.85675645544138,-0.546927156533109
3.33287716843166,2.61228170188592,2.94287111248502
-8.57323200007213,-8.69215069973001,-10.1537248348302
-5.51076146743546,-5.14986505540057,-4.14906728556868
0.313147067747544,0.553601418699853,3.91802920720617
-1.57330671115907,-2.77962981220691,-4.72752282635806
17.2224373058985,13.1551219747022,12.5127775352518
-2.14062200429868,-1.62891748336963,-5.63384912629777
-2.00724277107832,-3.73503721775765,-10.3803280207737
8.48930299323678,6.77246409153287,9.50214798238438
4.57876636205177,3.15341207893906,1.79561121246326
5.02648888644933,2.5204485378983,5.58227431027378
10.1341678592326,7.63363454417975,9.63157718295508
-4.68880959891728,-2.40581128515381,-0.05691529873179
-3.24514181867539,-1.2211857597539,-1.26090693191291
-9.85719553626141,-7.3296405658147,-6.21864380084576
-3.64706712957113,-3.23730893394887,-2.09410855039593
-12.3279564944085,-10.6907200845199,-13.6513524531066
-3.80728240643014,-3.16824911265704,-1.75866292847255
4.36580789009366,0.697094679027192,-0.900064584872202
4.76265323145167,3.48736204295562,3.90842657615408
5.59183969209174,2.67212191829116,6.0614509576236
5.64154064020177,3.89660618054286,-0.107354838000945
-2.84618094777726,-2.94891303293652,0.184352957960563
4.2226248064495,2.41222007364969,3.12246050049673
9.88166718503729,8.83015414734563,9.28245726905984
0.9051288502125,1.07226397467857,1.05238561701966
1.27576468126886,3.12980362702312,4.87339598321124
3.31432865619458,2.12551220664991,0.169109630100741
10.710574117424,8.50640390223622,10.3402874491589
9.47940379404835,8.96869498397317,10.5789343981718
9.17187115030977,7.659604926413,8.83981158810509
-0.018917643046541,-2.8133399551572,-3.91542745956621
11.1697340738057,6.43941272683138,12.0991283788011
7.05906258354488,4.15489514801668,4.34287226335682
6.95334423979205,7.44208496456313,10.3255902362894
1.93210906157213,1.81666161489171,-3.32638118380011
7.59285196589818,4.63954696071348,2.18878850188225
-0.958580765200665,-3.38799963264531,-0.788171084388374
11.4450192843687,7.23580215319233,8.36061624103228
0.597653584240456,2.20731697486099,6.51727761453226
3.74753867654729,3.32635709842612,-0.587319760308907
-1.18143722385697,-0.604606445807693,-0.600058265261436
-0.0100993731055119,-1.68282566377375,-3.32730928958264
-3.98218704498746,-3.34960852827574,-9.38419025785736
-1.65374643882294,-0.948917053241787,-0.00940811571986599
15.6283177793749,14.2315258118526,6.91498584210478
-3.32011548746936,-2.18902454147007,-5.37006454230843
-15.9647798397799,-9.91601976277722,-11.3402191508227
-7.50808355986988,-6.36041395624274,-9.08106014081446
5.29315754355178,4.22060981186408,4.10958187948071
-12.3973729019625,-9.78434993768994,-8.36048048563961
3.46048782340184,1.76805747210333,1.50174419230346
1.17228894470566,-0.836657846711754,4.47064602648567
-10.0883382285544,-8.37431685913663,-10.9100519016892
-1.12864657456093,-2.32913041185113,6.83268449821808
-10.4952367770141,-8.92216909325135,-10.3685045064371
6.29543468055831,2.81312027234713,-2.42858950069723
